{"cameraMode":{"drawMode":0,"name":"Shaded","section":"Shading Mode"},"sceneLighting":false,"audioPlay":false,"sceneViewState":{"showFog":true,"showMaterialUpdate":false,"showSkybox":false,"showFlares":true,"showImageEffects":true,"showParticleSystems":true},"in2DMode":false,"pivot":{"x":1.9705142974853516,"y":4.928529262542725,"z":10.202544212341309},"rotation":{"x":-0.09163440018892288,"y":0.8551897406578064,"z":-0.4837721586227417,"w":-0.16198775172233582},"size":6.801592826843262,"orthographic":false}