{"cameraMode":{"drawMode":0,"name":"Shaded","section":"Shading Mode"},"sceneLighting":false,"audioPlay":false,"sceneViewState":{"showFog":true,"showMaterialUpdate":false,"showSkybox":false,"showFlares":true,"showImageEffects":true,"showParticleSystems":true},"in2DMode":false,"pivot":{"x":-5.79145622253418,"y":4.1170454025268559,"z":-4.3209381103515629},"rotation":{"x":0.07730204612016678,"y":0.8832091689109802,"z":-0.4351782202720642,"w":0.15688946843147279},"size":3.3968160152435304,"orthographic":false}