{"cameraMode":{"drawMode":0,"name":"Shaded","section":"Shading Mode"},"sceneLighting":true,"audioPlay":false,"sceneViewState":{"showFog":true,"showMaterialUpdate":false,"showSkybox":true,"showFlares":true,"showImageEffects":true,"showParticleSystems":true},"in2DMode":false,"pivot":{"x":298.6959228515625,"y":171.4534912109375,"z":-15.5013427734375},"rotation":{"x":0.04827873036265373,"y":-0.02247624658048153,"z":0.0010939509375020862,"w":0.9985976219177246},"size":283.3537292480469,"orthographic":false}