{"cameraMode":{"drawMode":0,"name":"Shaded","section":"Shading Mode"},"sceneLighting":false,"audioPlay":false,"sceneViewState":{"showFog":true,"showMaterialUpdate":false,"showSkybox":false,"showFlares":true,"showImageEffects":true,"showParticleSystems":true},"in2DMode":false,"pivot":{"x":0.9898204803466797,"y":3.573631763458252,"z":5.814631462097168},"rotation":{"x":0.040674109011888507,"y":0.9447401165962219,"z":-0.29878678917884829,"w":0.12860974669456483},"size":4.181550025939941,"orthographic":false}