{"cameraMode":{"drawMode":0,"name":"Shaded","section":"Shading Mode"},"sceneLighting":false,"audioPlay":false,"sceneViewState":{"showFog":true,"showMaterialUpdate":false,"showSkybox":false,"showFlares":true,"showImageEffects":true,"showParticleSystems":true},"in2DMode":false,"pivot":{"x":-5.79546594619751,"y":4.135241985321045,"z":-4.330267429351807},"rotation":{"x":0.013978462666273117,"y":0.9501900672912598,"z":-0.3083682358264923,"w":0.04307371377944946},"size":2.6834280490875246,"orthographic":false}