{"cameraMode":{"drawMode":0,"name":"Shaded","section":"Shading Mode"},"sceneLighting":false,"audioPlay":false,"sceneViewState":{"showFog":true,"showMaterialUpdate":false,"showSkybox":false,"showFlares":true,"showImageEffects":true,"showParticleSystems":true},"in2DMode":false,"pivot":{"x":0.9810514450073242,"y":1.1508550643920899,"z":7.270503520965576},"rotation":{"x":-0.14495687186717988,"y":-0.021074600517749788,"z":0.003098586341366172,"w":-0.9892280101776123},"size":0.8660253882408142,"orthographic":false}