{"cameraMode":{"drawMode":0,"name":"Shaded","section":"Shading Mode"},"sceneLighting":true,"audioPlay":false,"sceneViewState":{"showFog":true,"showMaterialUpdate":false,"showSkybox":true,"showFlares":true,"showImageEffects":true,"showParticleSystems":true},"in2DMode":false,"pivot":{"x":701.0740356445313,"y":332.9479675292969,"z":-13.8804931640625},"rotation":{"x":0.033287085592746738,"y":0.031473059207201007,"z":-0.0010485730599611998,"w":0.9989531636238098},"size":430.5434875488281,"orthographic":false}